Workbook

Sheet 🏠 Dashboard
A1: 🏠 Lab Research Dashboard
A2: Executive overview — live counts pull from Papers Tracker and Submissions Log.
A4: Total Papers | C4: Pre-Submission | E4: Currently Out for Review | G4: Accepted / Published | I4: Overdue | K4: Needs Status
A5: =COUNTA('📄 Papers Tracker'!B4:B33) -> 30 | C5: =COUNTIF('📄 Papers Tracker'!H4:H33,0) -> 27 | E5: =SUMPRODUCT(('📄 Papers Tracker'!H4:H33>0)*('📄 Papers Tracker'!L4:L33<>"Accepted")*('📄 Papers Tracker'!L4:L33<>"Rejected")) -> 3 | G5: =COUNTIF('📄 Papers Tracker'!L4:L33,"Accepted")+SUMPRODUCT(('📄 Papers Tracker'!P4:P33<>"")*1) -> 0 | I5: =SUMPRODUCT((('📄 Papers Tracker'!K4:K33<>""))*(N('📄 Papers Tracker'!K4:K33)<0)) -> 2 | K5: =COUNTIF('📄 Papers Tracker'!D4:D33,"⚪ Needs Status") -> 17
A7: Pre-Submission Papers by Stage | D7: Submitted Papers by Latest Decision | G7: Workload by Owner
A8: Stage | B8: Count | D8: Decision | E8: Count | G8: Owner | H8: Papers
A9: Idea | B9: =COUNTIFS('📄 Papers Tracker'!C4:C33,"Idea",'📄 Papers Tracker'!H4:H33,0) -> 0 | D9: Under Review | E9: =COUNTIF('📄 Papers Tracker'!L4:L33,"Under Review") -> 3 | G9: Mohammad Shahin | H9: =COUNTIF('📄 Papers Tracker'!M4:M33,"Mohammad Shahin") -> 3
A10: Drafting | B10: =COUNTIFS('📄 Papers Tracker'!C4:C33,"Drafting",'📄 Papers Tracker'!H4:H33,0) -> 4 | D10: Revise & Resubmit | E10: =COUNTIF('📄 Papers Tracker'!L4:L33,"Revise & Resubmit") -> 0 | G10: Nik | H10: =COUNTIF('📄 Papers Tracker'!M4:M33,"Nik") -> 1
A11: Internal Review | B11: =COUNTIFS('📄 Papers Tracker'!C4:C33,"Internal Review",'📄 Papers Tracker'!H4:H33,0) -> 6 | D11: Accepted | E11: =COUNTIF('📄 Papers Tracker'!L4:L33,"Accepted") -> 0 | G11: Ryohei | H11: =COUNTIF('📄 Papers Tracker'!M4:M33,"Ryohei") -> 1
A12: On Hold | B12: =COUNTIFS('📄 Papers Tracker'!C4:C33,"On Hold",'📄 Papers Tracker'!H4:H33,0) -> 0 | D12: Rejected | E12: =COUNTIF('📄 Papers Tracker'!L4:L33,"Rejected") -> 0
D13: Withdrawn | E13: =COUNTIF('📄 Papers Tracker'!L4:L33,"Withdrawn") -> 0
A32: 💡 How this workbook flows
A33: • Before a paper is submitted anywhere: set its Stage on Papers Tracker (Idea / Drafting / Internal Review).
A34: • The moment it's sent to a journal or conference: add one row to 📨 Submissions Log — pick the paper, fill in the venue.
A35: • Rejected and resubmitting elsewhere? Add another Submissions Log row for the same paper — 'Attempts' and 'Current Venue' update automatically, and you keep the full history.
A36: • You never need to re-type a paper title or a venue in two places — Papers Tracker just reads the latest Submissions Log row for each paper.

Sheet 📄 Papers Tracker
A1: 📄 Papers Tracker
A2: One row per paper. Log every journal/conference attempt in 📨 Submissions Log — Current Venue, Deadline, and Status here update automatically.
A3: ID | B3: Paper Title | C3: Stage | D3: Status | E3: Priority | F3: Target Venue (pre-submission) | G3: Target Deadline (pre-submission) | H3: Attempts | I3: Current Venue | J3: Deadline | K3: Days Left | L3: Latest Decision | M3: Owner | N3: Authors | O3: Final File | P3: Published Date | Q3: Progress % | R3: Last Updated | S3: GitHub Repo | T3: Notes
A4: P001 | B4: Instruments of Inquiry: Rethinking Clinical Measurement for the Age of AI | C4: Internal Review | D4: =IF(P4<>"","⚪ Published",IF(L4="Accepted","⚪ Completed",IF(L4="Rejected","🔴 Closed — resubmit?",IF(L4="Revise & Resubmit","🟡 Needs Attention",IF(L4="Withdrawn","🟠 Waiting",IF(AND(K4<>"",K4<0),"🔴 Overdue",IF(AND(K4<>"",K4<=14,K4>=0),"🟡 Needs Attention",IF(H4>0,"🔵 Reviewing",IF(C4="On Hold","🟠 Waiting",IF(C4="Idea","🟠 Waiting",IF(C4="Drafting","🟢 On Track",IF(C4="Internal Review","🔵 Reviewing","⚪ Needs Status")))))))))))) -> 🔵 Reviewing | E4: Medium | F4: npj | G4: 46280 | H4: =COUNTIF('📨 Submissions Log'!$A$4:$A$500,B4) -> 0 | I4: =IF(H4=0,IF(F4="","",F4),IFERROR(INDEX('📨 Submissions Log'!$D$4:$D$500,MATCH(B4&"|"&H4,'📨 Submissions Log'!$C$4:$C$500,0)),"")) -> npj | J4: =IF(H4=0,IF(G4="","",G4),IF(N(IFERROR(INDEX('📨 Submissions Log'!$F$4:$F$500,MATCH(B4&"|"&H4,'📨 Submissions Log'!$C$4:$C$500,0)),0))=0,"",INDEX('📨 Submissions Log'!$F$4:$F$500,MATCH(B4&"|"&H4,'📨 Submissions Log'!$C$4:$C$500,0)))) -> 46280 | K4: =IF(J4="","",J4-TODAY()) -> 36 | L4: =IF(H4=0,"",IFERROR(INDEX('📨 Submissions Log'!$G$4:$G$500,MATCH(B4&"|"&H4,'📨 Submissions Log'!$C$4:$C$500,0)),"")) | M4: Mohammad Shahin | T4: Waiting on results from experiment 3
A5: P002 | B5: Distributed Open Justice Oversight (DOJO) A Community-Driven, Modality-Agnostic Platform for Adversarial Evaluation of Health AI | D5: =IF(P5<>"","⚪ Published",IF(L5="Accepted","⚪ Completed",IF(L5="Rejected","🔴 Closed — resubmit?",IF(L5="Revise & Resubmit","🟡 Needs Attention",IF(L5="Withdrawn","🟠 Waiting",IF(AND(K5<>"",K5<0),"🔴 Overdue",IF(AND(K5<>"",K5<=14,K5>=0),"🟡 Needs Attention",IF(H5>0,"🔵 Reviewing",IF(C5="On Hold","🟠 Waiting",IF(C5="Idea","🟠 Waiting",IF(C5="Drafting","🟢 On Track",IF(C5="Internal Review","🔵 Reviewing","⚪ Needs Status")))))))))))) -> ⚪ Needs Status | H5: =COUNTIF('📨 Submissions Log'!$A$4:$A$500,B5) -> 0 | I5: =IF(H5=0,IF(F5="","",F5),IFERROR(INDEX('📨 Submissions Log'!$D$4:$D$500,MATCH(B5&"|"&H5,'📨 Submissions Log'!$C$4:$C$500,0)),"")) | J5: =IF(H5=0,IF(G5="","",G5),IF(N(IFERROR(INDEX('📨 Submissions Log'!$F$4:$F$500,MATCH(B5&"|"&H5,'📨 Submissions Log'!$C$4:$C$500,0)),0))=0,"",INDEX('📨 Submissions Log'!$F$4:$F$500,MATCH(B5&"|"&H5,'📨 Submissions Log'!$C$4:$C$500,0)))) | K5: =IF(J5="","",J5-TODAY()) | L5: =IF(H5=0,"",IFERROR(INDEX('📨 Submissions Log'!$G$4:$G$500,MATCH(B5&"|"&H5,'📨 Submissions Log'!$C$4:$C$500,0)),""))
A6: P003 | B6: SAKSHI: The Witness We Need Structured Accountability through Knowledge, Scrutiny, and Health Integrity A Community-Operated Investigative Platform for Applied AI in Health | D6: =IF(P6<>"","⚪ Published",IF(L6="Accepted","⚪ Completed",IF(L6="Rejected","🔴 Closed — resubmit?",IF(L6="Revise & Resubmit","🟡 Needs Attention",IF(L6="Withdrawn","🟠 Waiting",IF(AND(K6<>"",K6<0),"🔴 Overdue",IF(AND(K6<>"",K6<=14,K6>=0),"🟡 Needs Attention",IF(H6>0,"🔵 Reviewing",IF(C6="On Hold","🟠 Waiting",IF(C6="Idea","🟠 Waiting",IF(C6="Drafting","🟢 On Track",IF(C6="Internal Review","🔵 Reviewing","⚪ Needs Status")))))))))))) -> ⚪ Needs Status | H6: =COUNTIF('📨 Submissions Log'!$A$4:$A$500,B6) -> 0 | I6: =IF(H6=0,IF(F6="","",F6),IFERROR(INDEX('📨 Submissions Log'!$D$4:$D$500,MATCH(B6&"|"&H6,'📨 Submissions Log'!$C$4:$C$500,0)),"")) | J6: =IF(H6=0,IF(G6="","",G6),IF(N(IFERROR(INDEX('📨 Submissions Log'!$F$4:$F$500,MATCH(B6&"|"&H6,'📨 Submissions Log'!$C$4:$C$500,0)),0))=0,"",INDEX('📨 Submissions Log'!$F$4:$F$500,MATCH(B6&"|"&H6,'📨 Submissions Log'!$C$4:$C$500,0)))) | K6: =IF(J6="","",J6-TODAY()) | L6: =IF(H6=0,"",IFERROR(INDEX('📨 Submissions Log'!$G$4:$G$500,MATCH(B6&"|"&H6,'📨 Submissions Log'!$C$4:$C$500,0)),"")) | M6: Nik
A7: P004 | B7: AI Sriracha: Training the Next Generation as Double Agents | D7: =IF(P7<>"","⚪ Published",IF(L7="Accepted","⚪ Completed",IF(L7="Rejected","🔴 Closed — resubmit?",IF(L7="Revise & Resubmit","🟡 Needs Attention",IF(L7="Withdrawn","🟠 Waiting",IF(AND(K7<>"",K7<0),"🔴 Overdue",IF(AND(K7<>"",K7<=14,K7>=0),"🟡 Needs Attention",IF(H7>0,"🔵 Reviewing",IF(C7="On Hold","🟠 Waiting",IF(C7="Idea","🟠 Waiting",IF(C7="Drafting","🟢 On Track",IF(C7="Internal Review","🔵 Reviewing","⚪ Needs Status")))))))))))) -> 🔵 Reviewing | F7: Lancet | H7: =COUNTIF('📨 Submissions Log'!$A$4:$A$500,B7) -> 2 | I7: =IF(H7=0,IF(F7="","",F7),IFERROR(INDEX('📨 Submissions Log'!$D$4:$D$500,MATCH(B7&"|"&H7,'📨 Submissions Log'!$C$4:$C$500,0)),"")) -> npj Digital Medicine | J7: =IF(H7=0,IF(G7="","",G7),IF(N(IFERROR(INDEX('📨 Submissions Log'!$F$4:$F$500,MATCH(B7&"|"&H7,'📨 Submissions Log'!$C$4:$C$500,0)),0))=0,"",INDEX('📨 Submissions Log'!$F$4:$F$500,MATCH(B7&"|"&H7,'📨 Submissions Log'!$C$4:$C$500,0)))) | K7: =IF(J7="","",J7-TODAY()) | L7: =IF(H7=0,"",IFERROR(INDEX('📨 Submissions Log'!$G$4:$G$500,MATCH(B7&"|"&H7,'📨 Submissions Log'!$C$4:$C$500,0)),"")) -> Under Review | O7: AI-Sriracha-Final.pdf
A8: P005 | B8: Bayanihan, a Mandate for Healing: Reclaiming the Soul of Medicine in the Age of Artificial Intelligence | D8: =IF(P8<>"","⚪ Published",IF(L8="Accepted","⚪ Completed",IF(L8="Rejected","🔴 Closed — resubmit?",IF(L8="Revise & Resubmit","🟡 Needs Attention",IF(L8="Withdrawn","🟠 Waiting",IF(AND(K8<>"",K8<0),"🔴 Overdue",IF(AND(K8<>"",K8<=14,K8>=0),"🟡 Needs Attention",IF(H8>0,"🔵 Reviewing",IF(C8="On Hold","🟠 Waiting",IF(C8="Idea","🟠 Waiting",IF(C8="Drafting","🟢 On Track",IF(C8="Internal Review","🔵 Reviewing","⚪ Needs Status")))))))))))) -> ⚪ Needs Status | H8: =COUNTIF('📨 Submissions Log'!$A$4:$A$500,B8) -> 0 | I8: =IF(H8=0,IF(F8="","",F8),IFERROR(INDEX('📨 Submissions Log'!$D$4:$D$500,MATCH(B8&"|"&H8,'📨 Submissions Log'!$C$4:$C$500,0)),"")) | J8: =IF(H8=0,IF(G8="","",G8),IF(N(IFERROR(INDEX('📨 Submissions Log'!$F$4:$F$500,MATCH(B8&"|"&H8,'📨 Submissions Log'!$C$4:$C$500,0)),0))=0,"",INDEX('📨 Submissions Log'!$F$4:$F$500,MATCH(B8&"|"&H8,'📨 Submissions Log'!$C$4:$C$500,0)))) | K8: =IF(J8="","",J8-TODAY()) | L8: =IF(H8=0,"",IFERROR(INDEX('📨 Submissions Log'!$G$4:$G$500,MATCH(B8&"|"&H8,'📨 Submissions Log'!$C$4:$C$500,0)),"")) | O8: mandate_for_healing.pdf
A9: P006 | B9: Before You Build: Seven Misconceptions Health AI Developers Must Confront in Global Public Health | D9: =IF(P9<>"","⚪ Published",IF(L9="Accepted","⚪ Completed",IF(L9="Rejected","🔴 Closed — resubmit?",IF(L9="Revise & Resubmit","🟡 Needs Attention",IF(L9="Withdrawn","🟠 Waiting",IF(AND(K9<>"",K9<0),"🔴 Overdue",IF(AND(K9<>"",K9<=14,K9>=0),"🟡 Needs Attention",IF(H9>0,"🔵 Reviewing",IF(C9="On Hold","🟠 Waiting",IF(C9="Idea","🟠 Waiting",IF(C9="Drafting","🟢 On Track",IF(C9="Internal Review","🔵 Reviewing","⚪ Needs Status")))))))))))) -> 🔵 Reviewing | H9: =COUNTIF('📨 Submissions Log'!$A$4:$A$500,B9) -> 1 | I9: =IF(H9=0,IF(F9="","",F9),IFERROR(INDEX('📨 Submissions Log'!$D$4:$D$500,MATCH(B9&"|"&H9,'📨 Submissions Log'!$C$4:$C$500,0)),"")) -> PLOS Global Public Health | J9: =IF(H9=0,IF(G9="","",G9),IF(N(IFERROR(INDEX('📨 Submissions Log'!$F$4:$F$500,MATCH(B9&"|"&H9,'📨 Submissions Log'!$C$4:$C$500,0)),0))=0,"",INDEX('📨 Submissions Log'!$F$4:$F$500,MATCH(B9&"|"&H9,'📨 Submissions Log'!$C$4:$C$500,0)))) | K9: =IF(J9="","",J9-TODAY()) | L9: =IF(H9=0,"",IFERROR(INDEX('📨 Submissions Log'!$G$4:$G$500,MATCH(B9&"|"&H9,'📨 Submissions Log'!$C$4:$C$500,0)),"")) -> Under Review | O9: Submitted as DOCX to OSF
A10: P007 | B10: Humans Will Only Succeed If We Design AI to Make Us More Human | D10: =IF(P10<>"","⚪ Published",IF(L10="Accepted","⚪ Completed",IF(L10="Rejected","🔴 Closed — resubmit?",IF(L10="Revise & Resubmit","🟡 Needs Attention",IF(L10="Withdrawn","🟠 Waiting",IF(AND(K10<>"",K10<0),"🔴 Overdue",IF(AND(K10<>"",K10<=14,K10>=0),"🟡 Needs Attention",IF(H10>0,"🔵 Reviewing",IF(C10="On Hold","🟠 Waiting",IF(C10="Idea","🟠 Waiting",IF(C10="Drafting","🟢 On Track",IF(C10="Internal Review","🔵 Reviewing","⚪ Needs Status")))))))))))) -> ⚪ Needs Status | H10: =COUNTIF('📨 Submissions Log'!$A$4:$A$500,B10) -> 0 | I10: =IF(H10=0,IF(F10="","",F10),IFERROR(INDEX('📨 Submissions Log'!$D$4:$D$500,MATCH(B10&"|"&H10,'📨 Submissions Log'!$C$4:$C$500,0)),"")) | J10: =IF(H10=0,IF(G10="","",G10),IF(N(IFERROR(INDEX('📨 Submissions Log'!$F$4:$F$500,MATCH(B10&"|"&H10,'📨 Submissions Log'!$C$4:$C$500,0)),0))=0,"",INDEX('📨 Submissions Log'!$F$4:$F$500,MATCH(B10&"|"&H10,'📨 Submissions Log'!$C$4:$C$500,0)))) | K10: =IF(J10="","",J10-TODAY()) | L10: =IF(H10=0,"",IFERROR(INDEX('📨 Submissions Log'!$G$4:$G$500,MATCH(B10&"|"&H10,'📨 Submissions Log'!$C$4:$C$500,0)),""))
A11: P008 | B11: LLeoMe: Your AI Mentor Woven from Many Voices | D11: =IF(P11<>"","⚪ Published",IF(L11="Accepted","⚪ Completed",IF(L11="Rejected","🔴 Closed — resubmit?",IF(L11="Revise & Resubmit","🟡 Needs Attention",IF(L11="Withdrawn","🟠 Waiting",IF(AND(K11<>"",K11<0),"🔴 Overdue",IF(AND(K11<>"",K11<=14,K11>=0),"🟡 Needs Attention",IF(H11>0,"🔵 Reviewing",IF(C11="On Hold","🟠 Waiting",IF(C11="Idea","🟠 Waiting",IF(C11="Drafting","🟢 On Track",IF(C11="Internal Review","🔵 Reviewing","⚪ Needs Status")))))))))))) -> ⚪ Needs Status | H11: =COUNTIF('📨 Submissions Log'!$A$4:$A$500,B11) -> 0 | I11: =IF(H11=0,IF(F11="","",F11),IFERROR(INDEX('📨 Submissions Log'!$D$4:$D$500,MATCH(B11&"|"&H11,'📨 Submissions Log'!$C$4:$C$500,0)),"")) | J11: =IF(H11=0,IF(G11="","",G11),IF(N(IFERROR(INDEX('📨 Submissions Log'!$F$4:$F$500,MATCH(B11&"|"&H11,'📨 Submissions Log'!$C$4:$C$500,0)),0))=0,"",INDEX('📨 Submissions Log'!$F$4:$F$500,MATCH(B11&"|"&H11,'📨 Submissions Log'!$C$4:$C$500,0)))) | K11: =IF(J11="","",J11-TODAY()) | L11: =IF(H11=0,"",IFERROR(INDEX('📨 Submissions Log'!$G$4:$G$500,MATCH(B11&"|"&H11,'📨 Submissions Log'!$C$4:$C$500,0)),""))
A12: P009 | B12: Pluralism as Virtue Signalling | D12: =IF(P12<>"","⚪ Published",IF(L12="Accepted","⚪ Completed",IF(L12="Rejected","🔴 Closed — resubmit?",IF(L12="Revise & Resubmit","🟡 Needs Attention",IF(L12="Withdrawn","🟠 Waiting",IF(AND(K12<>"",K12<0),"🔴 Overdue",IF(AND(K12<>"",K12<=14,K12>=0),"🟡 Needs Attention",IF(H12>0,"🔵 Reviewing",IF(C12="On Hold","🟠 Waiting",IF(C12="Idea","🟠 Waiting",IF(C12="Drafting","🟢 On Track",IF(C12="Internal Review","🔵 Reviewing","⚪ Needs Status")))))))))))) -> ⚪ Needs Status | H12: =COUNTIF('📨 Submissions Log'!$A$4:$A$500,B12) -> 0 | I12: =IF(H12=0,IF(F12="","",F12),IFERROR(INDEX('📨 Submissions Log'!$D$4:$D$500,MATCH(B12&"|"&H12,'📨 Submissions Log'!$C$4:$C$500,0)),"")) | J12: =IF(H12=0,IF(G12="","",G12),IF(N(IFERROR(INDEX('📨 Submissions Log'!$F$4:$F$500,MATCH(B12&"|"&H12,'📨 Submissions Log'!$C$4:$C$500,0)),0))=0,"",INDEX('📨 Submissions Log'!$F$4:$F$500,MATCH(B12&"|"&H12,'📨 Submissions Log'!$C$4:$C$500,0)))) | K12: =IF(J12="","",J12-TODAY()) | L12: =IF(H12=0,"",IFERROR(INDEX('📨 Submissions Log'!$G$4:$G$500,MATCH(B12&"|"&H12,'📨 Submissions Log'!$C$4:$C$500,0)),"")) | O12: Pluralism.pdf
A13: P010 | B13: Scholarship in the Age of AI: Whose Frameworks, Whose Futures? | D13: =IF(P13<>"","⚪ Published",IF(L13="Accepted","⚪ Completed",IF(L13="Rejected","🔴 Closed — resubmit?",IF(L13="Revise & Resubmit","🟡 Needs Attention",IF(L13="Withdrawn","🟠 Waiting",IF(AND(K13<>"",K13<0),"🔴 Overdue",IF(AND(K13<>"",K13<=14,K13>=0),"🟡 Needs Attention",IF(H13>0,"🔵 Reviewing",IF(C13="On Hold","🟠 Waiting",IF(C13="Idea","🟠 Waiting",IF(C13="Drafting","🟢 On Track",IF(C13="Internal Review","🔵 Reviewing","⚪ Needs Status")))))))))))) -> ⚪ Needs Status | H13: =COUNTIF('📨 Submissions Log'!$A$4:$A$500,B13) -> 0 | I13: =IF(H13=0,IF(F13="","",F13),IFERROR(INDEX('📨 Submissions Log'!$D$4:$D$500,MATCH(B13&"|"&H13,'📨 Submissions Log'!$C$4:$C$500,0)),"")) | J13: =IF(H13=0,IF(G13="","",G13),IF(N(IFERROR(INDEX('📨 Submissions Log'!$F$4:$F$500,MATCH(B13&"|"&H13,'📨 Submissions Log'!$C$4:$C$500,0)),0))=0,"",INDEX('📨 Submissions Log'!$F$4:$F$500,MATCH(B13&"|"&H13,'📨 Submissions Log'!$C$4:$C$500,0)))) | K13: =IF(J13="","",J13-TODAY()) | L13: =IF(H13=0,"",IFERROR(INDEX('📨 Submissions Log'!$G$4:$G$500,MATCH(B13&"|"&H13,'📨 Submissions Log'!$C$4:$C$500,0)),""))
A14: P011 | B14: The Bulldozing Has Begun and We Are Rearranging the Furniture | D14: =IF(P14<>"","⚪ Published",IF(L14="Accepted","⚪ Completed",IF(L14="Rejected","🔴 Closed — resubmit?",IF(L14="Revise & Resubmit","🟡 Needs Attention",IF(L14="Withdrawn","🟠 Waiting",IF(AND(K14<>"",K14<0),"🔴 Overdue",IF(AND(K14<>"",K14<=14,K14>=0),"🟡 Needs Attention",IF(H14>0,"🔵 Reviewing",IF(C14="On Hold","🟠 Waiting",IF(C14="Idea","🟠 Waiting",IF(C14="Drafting","🟢 On Track",IF(C14="Internal Review","🔵 Reviewing","⚪ Needs Status")))))))))))) -> ⚪ Needs Status | H14: =COUNTIF('📨 Submissions Log'!$A$4:$A$500,B14) -> 0 | I14: =IF(H14=0,IF(F14="","",F14),IFERROR(INDEX('📨 Submissions Log'!$D$4:$D$500,MATCH(B14&"|"&H14,'📨 Submissions Log'!$C$4:$C$500,0)),"")) | J14: =IF(H14=0,IF(G14="","",G14),IF(N(IFERROR(INDEX('📨 Submissions Log'!$F$4:$F$500,MATCH(B14&"|"&H14,'📨 Submissions Log'!$C$4:$C$500,0)),0))=0,"",INDEX('📨 Submissions Log'!$F$4:$F$500,MATCH(B14&"|"&H14,'📨 Submissions Log'!$C$4:$C$500,0)))) | K14: =IF(J14="","",J14-TODAY()) | L14: =IF(H14=0,"",IFERROR(INDEX('📨 Submissions Log'!$G$4:$G$500,MATCH(B14&"|"&H14,'📨 Submissions Log'!$C$4:$C$500,0)),""))
A15: P012 | B15: The Dangerous Folly of Banning AI in High Schools | D15: =IF(P15<>"","⚪ Published",IF(L15="Accepted","⚪ Completed",IF(L15="Rejected","🔴 Closed — resubmit?",IF(L15="Revise & Resubmit","🟡 Needs Attention",IF(L15="Withdrawn","🟠 Waiting",IF(AND(K15<>"",K15<0),"🔴 Overdue",IF(AND(K15<>"",K15<=14,K15>=0),"🟡 Needs Attention",IF(H15>0,"🔵 Reviewing",IF(C15="On Hold","🟠 Waiting",IF(C15="Idea","🟠 Waiting",IF(C15="Drafting","🟢 On Track",IF(C15="Internal Review","🔵 Reviewing","⚪ Needs Status")))))))))))) -> ⚪ Needs Status | H15: =COUNTIF('📨 Submissions Log'!$A$4:$A$500,B15) -> 0 | I15: =IF(H15=0,IF(F15="","",F15),IFERROR(INDEX('📨 Submissions Log'!$D$4:$D$500,MATCH(B15&"|"&H15,'📨 Submissions Log'!$C$4:$C$500,0)),"")) | J15: =IF(H15=0,IF(G15="","",G15),IF(N(IFERROR(INDEX('📨 Submissions Log'!$F$4:$F$500,MATCH(B15&"|"&H15,'📨 Submissions Log'!$C$4:$C$500,0)),0))=0,"",INDEX('📨 Submissions Log'!$F$4:$F$500,MATCH(B15&"|"&H15,'📨 Submissions Log'!$C$4:$C$500,0)))) | K15: =IF(J15="","",J15-TODAY()) | L15: =IF(H15=0,"",IFERROR(INDEX('📨 Submissions Log'!$G$4:$G$500,MATCH(B15&"|"&H15,'📨 Submissions Log'!$C$4:$C$500,0)),""))
A16: P013 | B16: The Mandate for Hope: Embrace the Madrugada | D16: =IF(P16<>"","⚪ Published",IF(L16="Accepted","⚪ Completed",IF(L16="Rejected","🔴 Closed — resubmit?",IF(L16="Revise & Resubmit","🟡 Needs Attention",IF(L16="Withdrawn","🟠 Waiting",IF(AND(K16<>"",K16<0),"🔴 Overdue",IF(AND(K16<>"",K16<=14,K16>=0),"🟡 Needs Attention",IF(H16>0,"🔵 Reviewing",IF(C16="On Hold","🟠 Waiting",IF(C16="Idea","🟠 Waiting",IF(C16="Drafting","🟢 On Track",IF(C16="Internal Review","🔵 Reviewing","⚪ Needs Status")))))))))))) -> ⚪ Needs Status | H16: =COUNTIF('📨 Submissions Log'!$A$4:$A$500,B16) -> 0 | I16: =IF(H16=0,IF(F16="","",F16),IFERROR(INDEX('📨 Submissions Log'!$D$4:$D$500,MATCH(B16&"|"&H16,'📨 Submissions Log'!$C$4:$C$500,0)),"")) | J16: =IF(H16=0,IF(G16="","",G16),IF(N(IFERROR(INDEX('📨 Submissions Log'!$F$4:$F$500,MATCH(B16&"|"&H16,'📨 Submissions Log'!$C$4:$C$500,0)),0))=0,"",INDEX('📨 Submissions Log'!$F$4:$F$500,MATCH(B16&"|"&H16,'📨 Submissions Log'!$C$4:$C$500,0)))) | K16: =IF(J16="","",J16-TODAY()) | L16: =IF(H16=0,"",IFERROR(INDEX('📨 Submissions Log'!$G$4:$G$500,MATCH(B16&"|"&H16,'📨 Submissions Log'!$C$4:$C$500,0)),""))
A17: P014 | B17: The Oracle in Your Pocket: How Artificial Intelligence May Amplify the Dunning–Kruger Effect and Why Epistemic Humility Matters | D17: =IF(P17<>"","⚪ Published",IF(L17="Accepted","⚪ Completed",IF(L17="Rejected","🔴 Closed — resubmit?",IF(L17="Revise & Resubmit","🟡 Needs Attention",IF(L17="Withdrawn","🟠 Waiting",IF(AND(K17<>"",K17<0),"🔴 Overdue",IF(AND(K17<>"",K17<=14,K17>=0),"🟡 Needs Attention",IF(H17>0,"🔵 Reviewing",IF(C17="On Hold","🟠 Waiting",IF(C17="Idea","🟠 Waiting",IF(C17="Drafting","🟢 On Track",IF(C17="Internal Review","🔵 Reviewing","⚪ Needs Status")))))))))))) -> ⚪ Needs Status | F17: Science or Nature | H17: =COUNTIF('📨 Submissions Log'!$A$4:$A$500,B17) -> 0 | I17: =IF(H17=0,IF(F17="","",F17),IFERROR(INDEX('📨 Submissions Log'!$D$4:$D$500,MATCH(B17&"|"&H17,'📨 Submissions Log'!$C$4:$C$500,0)),"")) -> Science or Nature | J17: =IF(H17=0,IF(G17="","",G17),IF(N(IFERROR(INDEX('📨 Submissions Log'!$F$4:$F$500,MATCH(B17&"|"&H17,'📨 Submissions Log'!$C$4:$C$500,0)),0))=0,"",INDEX('📨 Submissions Log'!$F$4:$F$500,MATCH(B17&"|"&H17,'📨 Submissions Log'!$C$4:$C$500,0)))) | K17: =IF(J17="","",J17-TODAY()) | L17: =IF(H17=0,"",IFERROR(INDEX('📨 Submissions Log'!$G$4:$G$500,MATCH(B17&"|"&H17,'📨 Submissions Log'!$C$4:$C$500,0)),"")) | O17: oracle_in_your_pocket.pdf
A18: P015 | B18: The Provenance of Foundation Models: Toward a Model Card That Demands Understanding | D18: =IF(P18<>"","⚪ Published",IF(L18="Accepted","⚪ Completed",IF(L18="Rejected","🔴 Closed — resubmit?",IF(L18="Revise & Resubmit","🟡 Needs Attention",IF(L18="Withdrawn","🟠 Waiting",IF(AND(K18<>"",K18<0),"🔴 Overdue",IF(AND(K18<>"",K18<=14,K18>=0),"🟡 Needs Attention",IF(H18>0,"🔵 Reviewing",IF(C18="On Hold","🟠 Waiting",IF(C18="Idea","🟠 Waiting",IF(C18="Drafting","🟢 On Track",IF(C18="Internal Review","🔵 Reviewing","⚪ Needs Status")))))))))))) -> ⚪ Needs Status | H18: =COUNTIF('📨 Submissions Log'!$A$4:$A$500,B18) -> 0 | I18: =IF(H18=0,IF(F18="","",F18),IFERROR(INDEX('📨 Submissions Log'!$D$4:$D$500,MATCH(B18&"|"&H18,'📨 Submissions Log'!$C$4:$C$500,0)),"")) | J18: =IF(H18=0,IF(G18="","",G18),IF(N(IFERROR(INDEX('📨 Submissions Log'!$F$4:$F$500,MATCH(B18&"|"&H18,'📨 Submissions Log'!$C$4:$C$500,0)),0))=0,"",INDEX('📨 Submissions Log'!$F$4:$F$500,MATCH(B18&"|"&H18,'📨 Submissions Log'!$C$4:$C$500,0)))) | K18: =IF(J18="","",J18-TODAY()) | L18: =IF(H18=0,"",IFERROR(INDEX('📨 Submissions Log'!$G$4:$G$500,MATCH(B18&"|"&H18,'📨 Submissions Log'!$C$4:$C$500,0)),"")) | O18: Provenance-Final.pdf
A19: P016 | B19: The Science Without Makeup: Storytelling, Provenance, and the Radical Rebooting of Scientific Rigor in the Age of AI | D19: =IF(P19<>"","⚪ Published",IF(L19="Accepted","⚪ Completed",IF(L19="Rejected","🔴 Closed — resubmit?",IF(L19="Revise & Resubmit","🟡 Needs Attention",IF(L19="Withdrawn","🟠 Waiting",IF(AND(K19<>"",K19<0),"🔴 Overdue",IF(AND(K19<>"",K19<=14,K19>=0),"🟡 Needs Attention",IF(H19>0,"🔵 Reviewing",IF(C19="On Hold","🟠 Waiting",IF(C19="Idea","🟠 Waiting",IF(C19="Drafting","🟢 On Track",IF(C19="Internal Review","🔵 Reviewing","⚪ Needs Status")))))))))))) -> ⚪ Needs Status | H19: =COUNTIF('📨 Submissions Log'!$A$4:$A$500,B19) -> 0 | I19: =IF(H19=0,IF(F19="","",F19),IFERROR(INDEX('📨 Submissions Log'!$D$4:$D$500,MATCH(B19&"|"&H19,'📨 Submissions Log'!$C$4:$C$500,0)),"")) | J19: =IF(H19=0,IF(G19="","",G19),IF(N(IFERROR(INDEX('📨 Submissions Log'!$F$4:$F$500,MATCH(B19&"|"&H19,'📨 Submissions Log'!$C$4:$C$500,0)),0))=0,"",INDEX('📨 Submissions Log'!$F$4:$F$500,MATCH(B19&"|"&H19,'📨 Submissions Log'!$C$4:$C$500,0)))) | K19: =IF(J19="","",J19-TODAY()) | L19: =IF(H19=0,"",IFERROR(INDEX('📨 Submissions Log'!$G$4:$G$500,MATCH(B19&"|"&H19,'📨 Submissions Log'!$C$4:$C$500,0)),"")) | O19: Science_Without_Makeup.pdf
A20: P017 | B20: The Uncertainty of Uncertainty Bounds: Why Healthcare AI Requires Human Evolution, Not Just Better Algorithms | D20: =IF(P20<>"","⚪ Published",IF(L20="Accepted","⚪ Completed",IF(L20="Rejected","🔴 Closed — resubmit?",IF(L20="Revise & Resubmit","🟡 Needs Attention",IF(L20="Withdrawn","🟠 Waiting",IF(AND(K20<>"",K20<0),"🔴 Overdue",IF(AND(K20<>"",K20<=14,K20>=0),"🟡 Needs Attention",IF(H20>0,"🔵 Reviewing",IF(C20="On Hold","🟠 Waiting",IF(C20="Idea","🟠 Waiting",IF(C20="Drafting","🟢 On Track",IF(C20="Internal Review","🔵 Reviewing","⚪ Needs Status")))))))))))) -> ⚪ Needs Status | H20: =COUNTIF('📨 Submissions Log'!$A$4:$A$500,B20) -> 0 | I20: =IF(H20=0,IF(F20="","",F20),IFERROR(INDEX('📨 Submissions Log'!$D$4:$D$500,MATCH(B20&"|"&H20,'📨 Submissions Log'!$C$4:$C$500,0)),"")) | J20: =IF(H20=0,IF(G20="","",G20),IF(N(IFERROR(INDEX('📨 Submissions Log'!$F$4:$F$500,MATCH(B20&"|"&H20,'📨 Submissions Log'!$C$4:$C$500,0)),0))=0,"",INDEX('📨 Submissions Log'!$F$4:$F$500,MATCH(B20&"|"&H20,'📨 Submissions Log'!$C$4:$C$500,0)))) | K20: =IF(J20="","",J20-TODAY()) | L20: =IF(H20=0,"",IFERROR(INDEX('📨 Submissions Log'!$G$4:$G$500,MATCH(B20&"|"&H20,'📨 Submissions Log'!$C$4:$C$500,0)),""))
A21: P018 | B21: There's Something New Under the Sun | D21: =IF(P21<>"","⚪ Published",IF(L21="Accepted","⚪ Completed",IF(L21="Rejected","🔴 Closed — resubmit?",IF(L21="Revise & Resubmit","🟡 Needs Attention",IF(L21="Withdrawn","🟠 Waiting",IF(AND(K21<>"",K21<0),"🔴 Overdue",IF(AND(K21<>"",K21<=14,K21>=0),"🟡 Needs Attention",IF(H21>0,"🔵 Reviewing",IF(C21="On Hold","🟠 Waiting",IF(C21="Idea","🟠 Waiting",IF(C21="Drafting","🟢 On Track",IF(C21="Internal Review","🔵 Reviewing","⚪ Needs Status")))))))))))) -> ⚪ Needs Status | H21: =COUNTIF('📨 Submissions Log'!$A$4:$A$500,B21) -> 0 | I21: =IF(H21=0,IF(F21="","",F21),IFERROR(INDEX('📨 Submissions Log'!$D$4:$D$500,MATCH(B21&"|"&H21,'📨 Submissions Log'!$C$4:$C$500,0)),"")) | J21: =IF(H21=0,IF(G21="","",G21),IF(N(IFERROR(INDEX('📨 Submissions Log'!$F$4:$F$500,MATCH(B21&"|"&H21,'📨 Submissions Log'!$C$4:$C$500,0)),0))=0,"",INDEX('📨 Submissions Log'!$F$4:$F$500,MATCH(B21&"|"&H21,'📨 Submissions Log'!$C$4:$C$500,0)))) | K21: =IF(J21="","",J21-TODAY()) | L21: =IF(H21=0,"",IFERROR(INDEX('📨 Submissions Log'!$G$4:$G$500,MATCH(B21&"|"&H21,'📨 Submissions Log'!$C$4:$C$500,0)),""))
A22: P019 | B22: Centennial Reflections of Academia’s ‘Publish or Perish’ Culture | D22: =IF(P22<>"","⚪ Published",IF(L22="Accepted","⚪ Completed",IF(L22="Rejected","🔴 Closed — resubmit?",IF(L22="Revise & Resubmit","🟡 Needs Attention",IF(L22="Withdrawn","🟠 Waiting",IF(AND(K22<>"",K22<0),"🔴 Overdue",IF(AND(K22<>"",K22<=14,K22>=0),"🟡 Needs Attention",IF(H22>0,"🔵 Reviewing",IF(C22="On Hold","🟠 Waiting",IF(C22="Idea","🟠 Waiting",IF(C22="Drafting","🟢 On Track",IF(C22="Internal Review","🔵 Reviewing","⚪ Needs Status")))))))))))) -> ⚪ Needs Status | H22: =COUNTIF('📨 Submissions Log'!$A$4:$A$500,B22) -> 0 | I22: =IF(H22=0,IF(F22="","",F22),IFERROR(INDEX('📨 Submissions Log'!$D$4:$D$500,MATCH(B22&"|"&H22,'📨 Submissions Log'!$C$4:$C$500,0)),"")) | J22: =IF(H22=0,IF(G22="","",G22),IF(N(IFERROR(INDEX('📨 Submissions Log'!$F$4:$F$500,MATCH(B22&"|"&H22,'📨 Submissions Log'!$C$4:$C$500,0)),0))=0,"",INDEX('📨 Submissions Log'!$F$4:$F$500,MATCH(B22&"|"&H22,'📨 Submissions Log'!$C$4:$C$500,0)))) | K22: =IF(J22="","",J22-TODAY()) | L22: =IF(H22=0,"",IFERROR(INDEX('📨 Submissions Log'!$G$4:$G$500,MATCH(B22&"|"&H22,'📨 Submissions Log'!$C$4:$C$500,0)),""))
A23: P020 | B23: Waking from the Trance: A Revolution of Mindset in the Age of AI | D23: =IF(P23<>"","⚪ Published",IF(L23="Accepted","⚪ Completed",IF(L23="Rejected","🔴 Closed — resubmit?",IF(L23="Revise & Resubmit","🟡 Needs Attention",IF(L23="Withdrawn","🟠 Waiting",IF(AND(K23<>"",K23<0),"🔴 Overdue",IF(AND(K23<>"",K23<=14,K23>=0),"🟡 Needs Attention",IF(H23>0,"🔵 Reviewing",IF(C23="On Hold","🟠 Waiting",IF(C23="Idea","🟠 Waiting",IF(C23="Drafting","🟢 On Track",IF(C23="Internal Review","🔵 Reviewing","⚪ Needs Status")))))))))))) -> ⚪ Needs Status | H23: =COUNTIF('📨 Submissions Log'!$A$4:$A$500,B23) -> 0 | I23: =IF(H23=0,IF(F23="","",F23),IFERROR(INDEX('📨 Submissions Log'!$D$4:$D$500,MATCH(B23&"|"&H23,'📨 Submissions Log'!$C$4:$C$500,0)),"")) | J23: =IF(H23=0,IF(G23="","",G23),IF(N(IFERROR(INDEX('📨 Submissions Log'!$F$4:$F$500,MATCH(B23&"|"&H23,'📨 Submissions Log'!$C$4:$C$500,0)),0))=0,"",INDEX('📨 Submissions Log'!$F$4:$F$500,MATCH(B23&"|"&H23,'📨 Submissions Log'!$C$4:$C$500,0)))) | K23: =IF(J23="","",J23-TODAY()) | L23: =IF(H23=0,"",IFERROR(INDEX('📨 Submissions Log'!$G$4:$G$500,MATCH(B23&"|"&H23,'📨 Submissions Log'!$C$4:$C$500,0)),""))
A24: P021 | B24: The Illusion of Patient Representation: What Routine Clinical Data Actually Encodes | C24: Drafting | D24: =IF(P24<>"","⚪ Published",IF(L24="Accepted","⚪ Completed",IF(L24="Rejected","🔴 Closed — resubmit?",IF(L24="Revise & Resubmit","🟡 Needs Attention",IF(L24="Withdrawn","🟠 Waiting",IF(AND(K24<>"",K24<0),"🔴 Overdue",IF(AND(K24<>"",K24<=14,K24>=0),"🟡 Needs Attention",IF(H24>0,"🔵 Reviewing",IF(C24="On Hold","🟠 Waiting",IF(C24="Idea","🟠 Waiting",IF(C24="Drafting","🟢 On Track",IF(C24="Internal Review","🔵 Reviewing","⚪ Needs Status")))))))))))) -> 🟢 On Track | F24: Nature Machine Intelligence | H24: =COUNTIF('📨 Submissions Log'!$A$4:$A$500,B24) -> 0 | I24: =IF(H24=0,IF(F24="","",F24),IFERROR(INDEX('📨 Submissions Log'!$D$4:$D$500,MATCH(B24&"|"&H24,'📨 Submissions Log'!$C$4:$C$500,0)),"")) -> Nature Machine Intelligence | J24: =IF(H24=0,IF(G24="","",G24),IF(N(IFERROR(INDEX('📨 Submissions Log'!$F$4:$F$500,MATCH(B24&"|"&H24,'📨 Submissions Log'!$C$4:$C$500,0)),0))=0,"",INDEX('📨 Submissions Log'!$F$4:$F$500,MATCH(B24&"|"&H24,'📨 Submissions Log'!$C$4:$C$500,0)))) | K24: =IF(J24="","",J24-TODAY()) | L24: =IF(H24=0,"",IFERROR(INDEX('📨 Submissions Log'!$G$4:$G$500,MATCH(B24&"|"&H24,'📨 Submissions Log'!$C$4:$C$500,0)),""))
A25: P022 | B25: Seeing Harm at Scale: Why Clinical AI Accountability Requires New Infrastructure | C25: Internal Review | D25: =IF(P25<>"","⚪ Published",IF(L25="Accepted","⚪ Completed",IF(L25="Rejected","🔴 Closed — resubmit?",IF(L25="Revise & Resubmit","🟡 Needs Attention",IF(L25="Withdrawn","🟠 Waiting",IF(AND(K25<>"",K25<0),"🔴 Overdue",IF(AND(K25<>"",K25<=14,K25>=0),"🟡 Needs Attention",IF(H25>0,"🔵 Reviewing",IF(C25="On Hold","🟠 Waiting",IF(C25="Idea","🟠 Waiting",IF(C25="Drafting","🟢 On Track",IF(C25="Internal Review","🔵 Reviewing","⚪ Needs Status")))))))))))) -> 🔵 Reviewing | H25: =COUNTIF('📨 Submissions Log'!$A$4:$A$500,B25) -> 0 | I25: =IF(H25=0,IF(F25="","",F25),IFERROR(INDEX('📨 Submissions Log'!$D$4:$D$500,MATCH(B25&"|"&H25,'📨 Submissions Log'!$C$4:$C$500,0)),"")) | J25: =IF(H25=0,IF(G25="","",G25),IF(N(IFERROR(INDEX('📨 Submissions Log'!$F$4:$F$500,MATCH(B25&"|"&H25,'📨 Submissions Log'!$C$4:$C$500,0)),0))=0,"",INDEX('📨 Submissions Log'!$F$4:$F$500,MATCH(B25&"|"&H25,'📨 Submissions Log'!$C$4:$C$500,0)))) | K25: =IF(J25="","",J25-TODAY()) | L25: =IF(H25=0,"",IFERROR(INDEX('📨 Submissions Log'!$G$4:$G$500,MATCH(B25&"|"&H25,'📨 Submissions Log'!$C$4:$C$500,0)),""))
A26: P023 | B26: Certified and Unprepared | C26: Drafting | D26: =IF(P26<>"","⚪ Published",IF(L26="Accepted","⚪ Completed",IF(L26="Rejected","🔴 Closed — resubmit?",IF(L26="Revise & Resubmit","🟡 Needs Attention",IF(L26="Withdrawn","🟠 Waiting",IF(AND(K26<>"",K26<0),"🔴 Overdue",IF(AND(K26<>"",K26<=14,K26>=0),"🟡 Needs Attention",IF(H26>0,"🔵 Reviewing",IF(C26="On Hold","🟠 Waiting",IF(C26="Idea","🟠 Waiting",IF(C26="Drafting","🟢 On Track",IF(C26="Internal Review","🔵 Reviewing","⚪ Needs Status")))))))))))) -> 🟢 On Track | H26: =COUNTIF('📨 Submissions Log'!$A$4:$A$500,B26) -> 0 | I26: =IF(H26=0,IF(F26="","",F26),IFERROR(INDEX('📨 Submissions Log'!$D$4:$D$500,MATCH(B26&"|"&H26,'📨 Submissions Log'!$C$4:$C$500,0)),"")) | J26: =IF(H26=0,IF(G26="","",G26),IF(N(IFERROR(INDEX('📨 Submissions Log'!$F$4:$F$500,MATCH(B26&"|"&H26,'📨 Submissions Log'!$C$4:$C$500,0)),0))=0,"",INDEX('📨 Submissions Log'!$F$4:$F$500,MATCH(B26&"|"&H26,'📨 Submissions Log'!$C$4:$C$500,0)))) | K26: =IF(J26="","",J26-TODAY()) | L26: =IF(H26=0,"",IFERROR(INDEX('📨 Submissions Log'!$G$4:$G$500,MATCH(B26&"|"&H26,'📨 Submissions Log'!$C$4:$C$500,0)),""))
A27: P024 | B27: Resetting the Compass: Toward Human-Centered AI Design for Older Adults | C27: Internal Review | D27: =IF(P27<>"","⚪ Published",IF(L27="Accepted","⚪ Completed",IF(L27="Rejected","🔴 Closed — resubmit?",IF(L27="Revise & Resubmit","🟡 Needs Attention",IF(L27="Withdrawn","🟠 Waiting",IF(AND(K27<>"",K27<0),"🔴 Overdue",IF(AND(K27<>"",K27<=14,K27>=0),"🟡 Needs Attention",IF(H27>0,"🔵 Reviewing",IF(C27="On Hold","🟠 Waiting",IF(C27="Idea","🟠 Waiting",IF(C27="Drafting","🟢 On Track",IF(C27="Internal Review","🔵 Reviewing","⚪ Needs Status")))))))))))) -> 🔵 Reviewing | H27: =COUNTIF('📨 Submissions Log'!$A$4:$A$500,B27) -> 0 | I27: =IF(H27=0,IF(F27="","",F27),IFERROR(INDEX('📨 Submissions Log'!$D$4:$D$500,MATCH(B27&"|"&H27,'📨 Submissions Log'!$C$4:$C$500,0)),"")) | J27: =IF(H27=0,IF(G27="","",G27),IF(N(IFERROR(INDEX('📨 Submissions Log'!$F$4:$F$500,MATCH(B27&"|"&H27,'📨 Submissions Log'!$C$4:$C$500,0)),0))=0,"",INDEX('📨 Submissions Log'!$F$4:$F$500,MATCH(B27&"|"&H27,'📨 Submissions Log'!$C$4:$C$500,0)))) | K27: =IF(J27="","",J27-TODAY()) | L27: =IF(H27=0,"",IFERROR(INDEX('📨 Submissions Log'!$G$4:$G$500,MATCH(B27&"|"&H27,'📨 Submissions Log'!$C$4:$C$500,0)),"")) | O27: Resetting_the_Compass_revised
A28: P025 | B28: AGENTS CATCHING AGENTS: DETECTING BENCHMARK GAMING IN AI SYSTEMS | C28: Internal Review | D28: =IF(P28<>"","⚪ Published",IF(L28="Accepted","⚪ Completed",IF(L28="Rejected","🔴 Closed — resubmit?",IF(L28="Revise & Resubmit","🟡 Needs Attention",IF(L28="Withdrawn","🟠 Waiting",IF(AND(K28<>"",K28<0),"🔴 Overdue",IF(AND(K28<>"",K28<=14,K28>=0),"🟡 Needs Attention",IF(H28>0,"🔵 Reviewing",IF(C28="On Hold","🟠 Waiting",IF(C28="Idea","🟠 Waiting",IF(C28="Drafting","🟢 On Track",IF(C28="Internal Review","🔵 Reviewing","⚪ Needs Status")))))))))))) -> 🔵 Reviewing | H28: =COUNTIF('📨 Submissions Log'!$A$4:$A$500,B28) -> 0 | I28: =IF(H28=0,IF(F28="","",F28),IFERROR(INDEX('📨 Submissions Log'!$D$4:$D$500,MATCH(B28&"|"&H28,'📨 Submissions Log'!$C$4:$C$500,0)),"")) | J28: =IF(H28=0,IF(G28="","",G28),IF(N(IFERROR(INDEX('📨 Submissions Log'!$F$4:$F$500,MATCH(B28&"|"&H28,'📨 Submissions Log'!$C$4:$C$500,0)),0))=0,"",INDEX('📨 Submissions Log'!$F$4:$F$500,MATCH(B28&"|"&H28,'📨 Submissions Log'!$C$4:$C$500,0)))) | K28: =IF(J28="","",J28-TODAY()) | L28: =IF(H28=0,"",IFERROR(INDEX('📨 Submissions Log'!$G$4:$G$500,MATCH(B28&"|"&H28,'📨 Submissions Log'!$C$4:$C$500,0)),""))
A29: P026 | B29: Mice in a Maze: What Medical Education Gets Wrong About Intelligence, and Why AI Will Not Fix It | C29: Internal Review | D29: =IF(P29<>"","⚪ Published",IF(L29="Accepted","⚪ Completed",IF(L29="Rejected","🔴 Closed — resubmit?",IF(L29="Revise & Resubmit","🟡 Needs Attention",IF(L29="Withdrawn","🟠 Waiting",IF(AND(K29<>"",K29<0),"🔴 Overdue",IF(AND(K29<>"",K29<=14,K29>=0),"🟡 Needs Attention",IF(H29>0,"🔵 Reviewing",IF(C29="On Hold","🟠 Waiting",IF(C29="Idea","🟠 Waiting",IF(C29="Drafting","🟢 On Track",IF(C29="Internal Review","🔵 Reviewing","⚪ Needs Status")))))))))))) -> 🔵 Reviewing | H29: =COUNTIF('📨 Submissions Log'!$A$4:$A$500,B29) -> 0 | I29: =IF(H29=0,IF(F29="","",F29),IFERROR(INDEX('📨 Submissions Log'!$D$4:$D$500,MATCH(B29&"|"&H29,'📨 Submissions Log'!$C$4:$C$500,0)),"")) | J29: =IF(H29=0,IF(G29="","",G29),IF(N(IFERROR(INDEX('📨 Submissions Log'!$F$4:$F$500,MATCH(B29&"|"&H29,'📨 Submissions Log'!$C$4:$C$500,0)),0))=0,"",INDEX('📨 Submissions Log'!$F$4:$F$500,MATCH(B29&"|"&H29,'📨 Submissions Log'!$C$4:$C$500,0)))) | K29: =IF(J29="","",J29-TODAY()) | L29: =IF(H29=0,"",IFERROR(INDEX('📨 Submissions Log'!$G$4:$G$500,MATCH(B29&"|"&H29,'📨 Submissions Log'!$C$4:$C$500,0)),""))
A30: P027 | B30: Seven Years After the AI Clinician: The Unfinished Promise of Reinforcement Learning in Healthcare | C30: Internal Review | D30: =IF(P30<>"","⚪ Published",IF(L30="Accepted","⚪ Completed",IF(L30="Rejected","🔴 Closed — resubmit?",IF(L30="Revise & Resubmit","🟡 Needs Attention",IF(L30="Withdrawn","🟠 Waiting",IF(AND(K30<>"",K30<0),"🔴 Overdue",IF(AND(K30<>"",K30<=14,K30>=0),"🟡 Needs Attention",IF(H30>0,"🔵 Reviewing",IF(C30="On Hold","🟠 Waiting",IF(C30="Idea","🟠 Waiting",IF(C30="Drafting","🟢 On Track",IF(C30="Internal Review","🔵 Reviewing","⚪ Needs Status")))))))))))) -> 🔴 Overdue | F30: Nature Medicine | G30: 46234 | H30: =COUNTIF('📨 Submissions Log'!$A$4:$A$500,B30) -> 0 | I30: =IF(H30=0,IF(F30="","",F30),IFERROR(INDEX('📨 Submissions Log'!$D$4:$D$500,MATCH(B30&"|"&H30,'📨 Submissions Log'!$C$4:$C$500,0)),"")) -> Nature Medicine | J30: =IF(H30=0,IF(G30="","",G30),IF(N(IFERROR(INDEX('📨 Submissions Log'!$F$4:$F$500,MATCH(B30&"|"&H30,'📨 Submissions Log'!$C$4:$C$500,0)),0))=0,"",INDEX('📨 Submissions Log'!$F$4:$F$500,MATCH(B30&"|"&H30,'📨 Submissions Log'!$C$4:$C$500,0)))) -> 46234 | K30: =IF(J30="","",J30-TODAY()) -> -10 | L30: =IF(H30=0,"",IFERROR(INDEX('📨 Submissions Log'!$G$4:$G$500,MATCH(B30&"|"&H30,'📨 Submissions Log'!$C$4:$C$500,0)),"")) | M30: Mohammad Shahin
A31: P028 | B31: The Crystal Ball Problem: Why Prediction Models Are Not Guaranteed to Improve Health Outcomes | D31: =IF(P31<>"","⚪ Published",IF(L31="Accepted","⚪ Completed",IF(L31="Rejected","🔴 Closed — resubmit?",IF(L31="Revise & Resubmit","🟡 Needs Attention",IF(L31="Withdrawn","🟠 Waiting",IF(AND(K31<>"",K31<0),"🔴 Overdue",IF(AND(K31<>"",K31<=14,K31>=0),"🟡 Needs Attention",IF(H31>0,"🔵 Reviewing",IF(C31="On Hold","🟠 Waiting",IF(C31="Idea","🟠 Waiting",IF(C31="Drafting","🟢 On Track",IF(C31="Internal Review","🔵 Reviewing","⚪ Needs Status")))))))))))) -> 🔵 Reviewing | H31: =COUNTIF('📨 Submissions Log'!$A$4:$A$500,B31) -> 1 | I31: =IF(H31=0,IF(F31="","",F31),IFERROR(INDEX('📨 Submissions Log'!$D$4:$D$500,MATCH(B31&"|"&H31,'📨 Submissions Log'!$C$4:$C$500,0)),"")) -> TBD | J31: =IF(H31=0,IF(G31="","",G31),IF(N(IFERROR(INDEX('📨 Submissions Log'!$F$4:$F$500,MATCH(B31&"|"&H31,'📨 Submissions Log'!$C$4:$C$500,0)),0))=0,"",INDEX('📨 Submissions Log'!$F$4:$F$500,MATCH(B31&"|"&H31,'📨 Submissions Log'!$C$4:$C$500,0)))) | K31: =IF(J31="","",J31-TODAY()) | L31: =IF(H31=0,"",IFERROR(INDEX('📨 Submissions Log'!$G$4:$G$500,MATCH(B31&"|"&H31,'📨 Submissions Log'!$C$4:$C$500,0)),"")) -> Under Review | M31: Ryohei
A32: P029 | B32: ARCAI: A Supervised Multi-Agent Architecture for Autonomous Clinical Research Orchestration | C32: Drafting | D32: =IF(P32<>"","⚪ Published",IF(L32="Accepted","⚪ Completed",IF(L32="Rejected","🔴 Closed — resubmit?",IF(L32="Revise & Resubmit","🟡 Needs Attention",IF(L32="Withdrawn","🟠 Waiting",IF(AND(K32<>"",K32<0),"🔴 Overdue",IF(AND(K32<>"",K32<=14,K32>=0),"🟡 Needs Attention",IF(H32>0,"🔵 Reviewing",IF(C32="On Hold","🟠 Waiting",IF(C32="Idea","🟠 Waiting",IF(C32="Drafting","🟢 On Track",IF(C32="Internal Review","🔵 Reviewing","⚪ Needs Status")))))))))))) -> 🟢 On Track | H32: =COUNTIF('📨 Submissions Log'!$A$4:$A$500,B32) -> 0 | I32: =IF(H32=0,IF(F32="","",F32),IFERROR(INDEX('📨 Submissions Log'!$D$4:$D$500,MATCH(B32&"|"&H32,'📨 Submissions Log'!$C$4:$C$500,0)),"")) | J32: =IF(H32=0,IF(G32="","",G32),IF(N(IFERROR(INDEX('📨 Submissions Log'!$F$4:$F$500,MATCH(B32&"|"&H32,'📨 Submissions Log'!$C$4:$C$500,0)),0))=0,"",INDEX('📨 Submissions Log'!$F$4:$F$500,MATCH(B32&"|"&H32,'📨 Submissions Log'!$C$4:$C$500,0)))) | K32: =IF(J32="","",J32-TODAY()) | L32: =IF(H32=0,"",IFERROR(INDEX('📨 Submissions Log'!$G$4:$G$500,MATCH(B32&"|"&H32,'📨 Submissions Log'!$C$4:$C$500,0)),"")) | M32: Mohammad Shahin
A33: P030 | B33: SOFA_Leakage_Sepsis_RL_Manuscript_DRAFT | C33: Drafting | D33: =IF(P33<>"","⚪ Published",IF(L33="Accepted","⚪ Completed",IF(L33="Rejected","🔴 Closed — resubmit?",IF(L33="Revise & Resubmit","🟡 Needs Attention",IF(L33="Withdrawn","🟠 Waiting",IF(AND(K33<>"",K33<0),"🔴 Overdue",IF(AND(K33<>"",K33<=14,K33>=0),"🟡 Needs Attention",IF(H33>0,"🔵 Reviewing",IF(C33="On Hold","🟠 Waiting",IF(C33="Idea","🟠 Waiting",IF(C33="Drafting","🟢 On Track",IF(C33="Internal Review","🔵 Reviewing","⚪ Needs Status")))))))))))) -> 🔴 Overdue | F33: BU Health AI | G33: 46234 | H33: =COUNTIF('📨 Submissions Log'!$A$4:$A$500,B33) -> 0 | I33: =IF(H33=0,IF(F33="","",F33),IFERROR(INDEX('📨 Submissions Log'!$D$4:$D$500,MATCH(B33&"|"&H33,'📨 Submissions Log'!$C$4:$C$500,0)),"")) -> BU Health AI | J33: =IF(H33=0,IF(G33="","",G33),IF(N(IFERROR(INDEX('📨 Submissions Log'!$F$4:$F$500,MATCH(B33&"|"&H33,'📨 Submissions Log'!$C$4:$C$500,0)),0))=0,"",INDEX('📨 Submissions Log'!$F$4:$F$500,MATCH(B33&"|"&H33,'📨 Submissions Log'!$C$4:$C$500,0)))) -> 46234 | K33: =IF(J33="","",J33-TODAY()) -> -10 | L33: =IF(H33=0,"",IFERROR(INDEX('📨 Submissions Log'!$G$4:$G$500,MATCH(B33&"|"&H33,'📨 Submissions Log'!$C$4:$C$500,0)),""))

Sheet 📨 Submissions Log
A1: 📨 Submissions Log
A2: One row per submission attempt. Pick the paper from the dropdown — everything on Papers Tracker (Current Venue, Deadline, Status) updates automatically, no need to re-enter or re-type anything there.
A3: Paper | B3: Attempt # | C3: Key | D3: Venue / Journal or Conference | E3: Submitted Date | F3: Response Deadline | G3: Decision | H3: Decision Date | I3: Notes
A4: Before You Build: Seven Misconceptions Health AI Developers Must Confront in Global Public Health | B4: =COUNTIF($A$4:A4,A4) -> 1 | C4: =A4&"|"&B4 -> Before You Build: Seven Misconceptions Health AI Developers Must Confront in Global Public Health|1 | D4: PLOS Global Public Health | G4: Under Review
A5: The Crystal Ball Problem: Why Prediction Models Are Not Guaranteed to Improve Health Outcomes | B5: =COUNTIF($A$4:A5,A5) -> 1 | C5: =A5&"|"&B5 -> The Crystal Ball Problem: Why Prediction Models Are Not Guaranteed to Improve Health Outcomes|1 | D5: TBD | G5: Under Review
A6: AI Sriracha: Training the Next Generation as Double Agents | B6: =COUNTIF($A$4:A6,A6) -> 1 | C6: =A6&"|"&B6 -> AI Sriracha: Training the Next Generation as Double Agents|1 | D6: The Lancet | E6: 46084 | G6: Rejected | H6: 46162 | I6: Example: first attempt, rejected — see next row for resubmission
A7: AI Sriracha: Training the Next Generation as Double Agents | B7: =COUNTIF($A$4:A7,A7) -> 2 | C7: =A7&"|"&B7 -> AI Sriracha: Training the Next Generation as Double Agents|2 | D7: npj Digital Medicine | E7: 46188 | G7: Under Review | I7: Example: resubmitted here after the Lancet rejection — Papers Tracker now shows THIS as Current Venue
B8: =IF(A8="","",COUNTIF($A$4:A8,A8)) | C8: =IF(A8="","",A8&"|"&B8)
B9: =IF(A9="","",COUNTIF($A$4:A9,A9)) | C9: =IF(A9="","",A9&"|"&B9)
B10: =IF(A10="","",COUNTIF($A$4:A10,A10)) | C10: =IF(A10="","",A10&"|"&B10)
B11: =IF(A11="","",COUNTIF($A$4:A11,A11)) | C11: =IF(A11="","",A11&"|"&B11)
B12: =IF(A12="","",COUNTIF($A$4:A12,A12)) | C12: =IF(A12="","",A12&"|"&B12)
B13: =IF(A13="","",COUNTIF($A$4:A13,A13)) | C13: =IF(A13="","",A13&"|"&B13)
B14: =IF(A14="","",COUNTIF($A$4:A14,A14)) | C14: =IF(A14="","",A14&"|"&B14)
B15: =IF(A15="","",COUNTIF($A$4:A15,A15)) | C15: =IF(A15="","",A15&"|"&B15)
B16: =IF(A16="","",COUNTIF($A$4:A16,A16)) | C16: =IF(A16="","",A16&"|"&B16)
B17: =IF(A17="","",COUNTIF($A$4:A17,A17)) | C17: =IF(A17="","",A17&"|"&B17)
B18: =IF(A18="","",COUNTIF($A$4:A18,A18)) | C18: =IF(A18="","",A18&"|"&B18)
B19: =IF(A19="","",COUNTIF($A$4:A19,A19)) | C19: =IF(A19="","",A19&"|"&B19)
... B37: =IF(A37="","",COUNTIF($A$4:A37,A37)) | C37: =IF(A37="","",A37&"|"&B37)

Sheet ✅ Task Board
A1: ✅ Task Board
A2: 'Related Paper' is a dropdown pulled from Papers Tracker — pick it, don't retype it.
A3: Task | B3: Description | C3: Assigned To | D3: Priority | E3: Status | F3: Related Paper | G3: Deadline | H3: Est. Hours | I3: % Complete | J3: Last Updated | K3: Notes
A4: Draft Methods section | B4: Write up the causal inference approach for Section 3 | C4: Mohammad Shahin | D4: High | E4: In Progress | F4: Instruments of Inquiry: Rethinking Clinical Measurement for the Age of AI | G4: 46256 | H4: 6 | I4: 40 | J4: 46244 | K4: Example row — replace with a real task, or delete.

Sheet 👥 Team Directory
A1: 👥 Team Directory
A2: 'Current Papers' counts automatically from the Owner column in Papers Tracker.
A3: Name | B3: Role | C3: Focus Area | D3: Current Papers | E3: Email | F3: Availability
A4: Mohammad Shahin | B4: Researcher / MPH Student | C4: Clinical AI safety, causal inference, multi-agent LLM systems | D4: =COUNTIF('📄 Papers Tracker'!$M$4:$M$33,A4) -> 3
A5: Leo Anthony Celi | B5: Principal Investigator | C5: Lab PI — Laboratory for Computational Physiology | D5: =COUNTIF('📄 Papers Tracker'!$M$4:$M$33,A5) -> 0
A6: Nik | B6: Collaborator | D6: =COUNTIF('📄 Papers Tracker'!$M$4:$M$33,A6) -> 1
A7: Ryohei | B7: Collaborator | D7: =COUNTIF('📄 Papers Tracker'!$M$4:$M$33,A7) -> 1
A9: Add every additional lab member as a new row above. Email / Availability are free text.

Sheet 📅 Weekly Updates
A1: 📅 Weekly Updates
A2: Under two minutes per person, one new row per week.
A3: Week Of | B3: Name | C3: Completed This Week | D3: Working On Now | E3: Blockers | F3: Need Help With | G3: Next Week's Goal
A4: 46244 | B4: Mohammad Shahin | C4: Finished the MIMIC-CXR imaging battery re-run for Agents Catching Agents | D4: Translating journalist profiles; DOJO paper review comments | E4: Waiting on experiment 3 results for Instruments of Inquiry | F4: Second pair of eyes on the DOJO evaluator recalibration protocol section | G4: Hand off imaging battery cleanly, finish DOJO review pass

Sheet 🎨 Legend & Color Key
A1: 🎨 Legend & Color Key
A2: How the Papers Tracker + Submissions Log system works.
A4: HOW THE TWO SHEETS FIT TOGETHER
A5: • Papers Tracker = one row per paper (its identity: title, authors, owner, files).
A6: • Submissions Log = one row per submission attempt (a paper can have many).
A7: • Pick the paper from a dropdown in the Submissions Log — its title is never re-typed.
A8: • Papers Tracker's Current Venue / Deadline / Status read the latest matching row automatically.
A9: • Rejected and sending elsewhere? Add a new Submissions Log row for the same paper.
A11: STAGE (pre-submission, on Papers Tracker) | D11: STATUS BADGE (auto-calculated)
A12: Value | B12: Meaning | D12: Badge | E12: Meaning
A13: Idea | B13: Concept stage — not yet started | D13: ⚪ Published | E13: Published Date has been filled in
A14: Drafting | B14: Actively being written | D14: ⚪ Completed | E14: Latest decision is Accepted
A15: Internal Review | B15: Circulating for co-author / lab feedback | D15: 🔴 Closed — resubmit? | E15: Latest decision is Rejected
A16: On Hold | B16: Paused — no active work | D16: 🟡 Needs Attention | E16: R&R pending, or deadline within 14 days
D17: 🟠 Waiting | E17: Idea / On Hold / Withdrawn
A18: DECISION (in Submissions Log, once submitted) | D18: 🔴 Overdue | E18: Deadline has passed with no decision yet
A19: Value | B19: Meaning | D19: 🔵 Reviewing | E19: Out for review, or in Internal Review pre-submission
A20: Under Review | B20: In peer review at this venue | D20: 🟢 On Track | E20: Drafting, no deadline pressure
A21: Revise & Resubmit | B21: Reviewer revisions in progress | D21: ⚪ Needs Status | E21: Stage hasn't been set and nothing's been submitted yet
A22: Accepted | B22: Accepted, pending camera-ready / publication
A23: Rejected | B23: Not accepted at this venue — log a new row if resubmitting elsewhere | D23: PRIORITY
A24: Withdrawn | B24: Pulled from consideration at this venue | D24: Value | E24: Meaning
D25: High | E25: Active deadline / lab priority — needs attention now
D26: Medium | E26: Steady progress expected, no immediate deadline
D27: Low | E27: Backburner / exploratory

Sheet 📖 Version Log
A1: 📖 Version Log
A2: History of changes to this workbook.
A3: Version | B3: Date | C3: Updated By | D3: Summary of Changes
A4: v1.0 | B4: 46210 | C4: Mohammad Shahin | D4: Original tracker created: Title, Link, Conference/Journal, Deadline, Status, Lead/Submitter, Co-Authors, Priority, Notes with color-coded Status and Priority dropdowns, automatic conditional formatting, overdue/upcoming-deadline highlighting, a Legend tab, and this Version Log tab.
A5: v2.0 | B5: 46244 | C5: Mohammad Shahin (redesign via Claude) | D5: Rebuilt as a full lab dashboard with Dashboard, Papers Tracker, Task Board, Team Directory, Weekly Updates, and expanded Legend. All 30 existing papers migrated with no data loss.
A6: v2.1 | B6: 46244 | C6: Mohammad Shahin (redesign via Claude) | D6: Added 📨 Submissions Log to fix cross-sheet re-entry: a paper can now go to multiple journals/conferences over time without overwriting history. Papers Tracker's Current Venue, Deadline, Latest Decision, and Status are now auto-pulled from the latest logged attempt — nothing is typed twice. Task Board's 'Related Paper' and Submissions Log's 'Paper' are now searchable dropdowns instead of free text, so titles never need retyping.
